<?xml version="1.0" encoding="windows-1252"?>
<Collection name="Article Library" guid="{FB1FD91D-A393-4D78-AAB4-27382CEC2D12}" system="No" updatable="Yes" blockNavigatorNode="No">
	<HelpLink>http://wiki.kmacloud.net/index.php?title=Article_Library</HelpLink>
	<Help></Help>
	<Addon name="Article Library List" guid="{BD8F8132-2FF1-4AA4-99D4-8D5F8CD9A3B2}" type="Add-on">
		<Copy></Copy>
		<CopyText></CopyText>
		<ActiveXProgramID></ActiveXProgramID>
		<DotNetClass></DotNetClass>
		<ArgumentList><![CDATA[
      Article Library=[Any:0|listID(Article Libraries)]
      Records to Display
      ]]></ArgumentList>
		<AsAjax>No</AsAjax>
		<Filter>No</Filter>
		<Help></Help>
		<HelpLink></HelpLink>
		<Icon Link="" width="0" height="0" sprites="0" />
		<InIframe>No</InIframe>
		<BlockEditTools>No</BlockEditTools>
		<FormXML></FormXML>
		<IsInline>No</IsInline>
		<JavascriptOnLoad></JavascriptOnLoad>
		<JavascriptInHead></JavascriptInHead>
		<JavascriptBodyEnd></JavascriptBodyEnd>
		<MetaDescription></MetaDescription>
		<OtherHeadTags></OtherHeadTags>
		<Content>Yes</Content>
		<Template>Yes</Template>
		<Email>No</Email>
		<Admin>Yes</Admin>
		<OnPageEndEvent>No</OnPageEndEvent>
		<OnPageStartEvent>No</OnPageStartEvent>
		<OnBodyStart>No</OnBodyStart>
		<OnBodyEnd>No</OnBodyEnd>
		<RemoteMethod>No</RemoteMethod>
		<ProcessRunOnce>No</ProcessRunOnce>
		<ProcessInterval>0</ProcessInterval>
		<PageTitle></PageTitle>
		<RemoteAssetLink></RemoteAssetLink>
		<Styles><![CDATA[

      ul.al-resultsPerPage li a {
          padding-right: 5px;
      }
      ul.al-listPagination li a {
          padding-right: 5px;
      }

      .libraryList a{
        font-weight: bold;
      }

      .libraryList a:hover{
        font-weight: bold;
      }

      .libraryList a:visited{
        font-weight: bold;
      }]]></Styles>
		<Scripting Language="" EntryPoint="" Timeout="5000">
			<Code><![CDATA[function getContent()

        dim stream
        dim cs
        dim rowCount
        Dim pageReference
        dim recordsToDisplay
        dim articleLibraryId
        dim criteria

        recordsToDisplay = cp.utils.encodeInteger(cp.doc.getText("Records to Display"))
        articleLibraryId = cp.doc.getInteger( "article Library" )
        if ( articleLibraryId>0 ) then
          criteria = "(articleLibraryId=" & articleLibraryId & ")"
        else
          criteria = "(1=1)"
        end if

        if recordsToDisplay = 0 then
          recordsToDisplay = 5
        end if

        rowCount = 1
        pageReference = cp.site.getProperty("News Page Location")

        set cs = cp.csNew
        call cs.Open("Article Library Data",criteria,"DateAdded desc")
        do while (cs.OK()) and (rowCount<=recordsToDisplay)
          link = cp.Utils.ModifyLinkQueryString(pageReference, "rec", cstr(cs.GetInteger("ID")), True)
          link = cp.Utils.ModifyLinkQueryString(link, "key", "", True)
          link = cp.Utils.ModifyLinkQueryString(link, "cat", "", True)
          stream = stream & cp.html.li("<a href=""" & link & """>" & cs.GetText("Name") & "</a>")
          call cs.goNext()
          rowCount = rowCount + 1
        loop
        call cs.Close()

        getContent = cp.html.ul(stream,"","libraryList")

      end function]]></Code>
		</Scripting>
    <Category>Applications.Advanced Forms</Category>
	</Addon>
	<Addon name="Article Library" guid="{CC8D2284-F308-4DA6-8158-C94931E1E7B0}" type="Add-on">
		<Copy></Copy>
		<CopyText></CopyText>
		<ActiveXProgramID></ActiveXProgramID>
		<DotNetClass><![CDATA[Contensive.aoArticleLibrary.Interfaces.Addons.ArticleLibrary]]></DotNetClass>
		<ArgumentList><![CDATA[
      Article Library=[Any:0|listID(Article Libraries)]
      Initial Article Library Category=[None:0|listID(Article Library Categories)]
      ]]></ArgumentList>
		<AsAjax>No</AsAjax>
		<Filter>No</Filter>
		<Help></Help>
		<HelpLink></HelpLink>
		<Icon Link="" width="0" height="0" sprites="0" />
		<InIframe>No</InIframe>
		<BlockEditTools>No</BlockEditTools>
		<FormXML></FormXML>
		<IncludeAddon name="bootstrap CSS" guid="{EF1FD66C-D62F-4BD2-BF07-38F47996EBB3}"/>
		<IsInline>No</IsInline>
		<JavascriptOnLoad></JavascriptOnLoad>
		<JavascriptInHead></JavascriptInHead>
		<JavascriptBodyEnd></JavascriptBodyEnd>
		<MetaDescription></MetaDescription>
		<OtherHeadTags></OtherHeadTags>
		<Content>Yes</Content>
		<Template>No</Template>
		<Email>No</Email>
		<Admin>No</Admin>
		<OnPageEndEvent>No</OnPageEndEvent>
		<OnPageStartEvent>No</OnPageStartEvent>
		<OnBodyStart>No</OnBodyStart>
		<OnBodyEnd>No</OnBodyEnd>
		<RemoteMethod>No</RemoteMethod>
		<ProcessRunOnce>No</ProcessRunOnce>
		<ProcessInterval>0</ProcessInterval>
		<PageTitle></PageTitle>
		<RemoteAssetLink></RemoteAssetLink>
		<Styles><![CDATA[

        .articleLibrary {}
        .articleLibraryWrapper {margin:auto;padding:20px;}
        .articleLibraryWrapper a {text-decoration: none;}
        .articleLibraryWrapper a:hover, .articleLibraryWrapper a:active {text-decoration: none;}

        /*********************** LIST RESULTS **********************/
          .al-searchTools {display:flex;flex-direction: row;flex-wrap: nowrap;justify-content: space-between;}
            .al-fieldData {flex-grow: 1; margin-right:15px;}
            .al-buttonContainer {}

          .al-listResults {}
            .al-listResult {display: flex; margin-bottom:15px; padding:5px 5px;}
              .al-listImg {margin-right:20px;}
                .al-listImg img {width:200px;}
              .al-listContent {color:initial;}
                .al-itemTitle {font-size: 18px; font-weight: bold;}
                .al-itemDescription {padding-bottom:10px;}
                .al-itemDate {}
                .al-itemAuthor {}
              .al-displayedResults {}
              .al-displayedResults.al-dr-Top {padding-bottom:6px;}
                .al-displayedResultStart, .al-displayedResultEnd, .al-allResults {font-weight: bold;}
                .al-displayedResultStart {}
                .al-displayedResultEnd {}
                .al-allResults {}
              .al-paginationULs {display:flex; flex-wrap:nowrap; justify-content: space-between;}
                .al-listPagination {}
                .al-resultsPerPage {}

        /*********************** DETAILS PAGE **********************/
        /** header **/
          .al-articleHeading {text-align: center;}
          .al-articleHeading img {max-width:100%; max-height:500px;}
          .al-authorDate {font-size:18px;}
        /** article **/
          .al-article{margin-top:25px;}

        /** footer **/
          .al-returnBtns {text-align: center;}
          .al-returnBtns a.btn {border-radius:50px;margin-right: 20px;}
            .al-returnToSearchBtn {}
            .al-createSearchBtn {}
          ul.al-detailPageLinks {list-style-type: none; padding:0;}
          ul.al-detailPageLinks li {padding: 2px 0;}
        /*********************** BOOTSTRAP 4 CLASSES **********************/
        .mx-auto {margin-right: auto !important;margin-left: auto !important;float:none;}
        ]]></Styles>
		<Scripting Language="" EntryPoint="" Timeout="5000"/>
    <Category>Applications.Advanced Forms</Category>
	</Addon>
	<Addon name="Article Library V2" guid="{8a2b632c-a86d-4477-bba0-fd22444c9cb2}" type="Add-on">
		<DotNetClass></DotNetClass>
		<ArgumentList></ArgumentList>
		<Content>No</Content>
		<Styles></Styles>
		<IncludeAddon name="Article Library" guid="{CC8D2284-F308-4DA6-8158-C94931E1E7B0}"/>
	</Addon>
	<data>
		<record content="Layouts" guid="{8F11E599-EF63-4D9C-BEDE-4973D37A6F73}" name="Article Library Search Layout">
			<field name="Layout"><![CDATA[    <div class="articleLibrary">
    <div class="articleLibraryWrapper">
    <!-- SEARCH AND FILTER TOOLS -->

      <!-- Search Form -->
        <div class="al-searchTools">
          <div class="al-fieldData form-group">
            <input class="al-pc-keyword al-keyword form-control" type="Text" name="key" placeholder="Keyword">
          </div>
          <div class="al-pc-categoryDiv al-fieldData form-group">
            <select size="1" name="cat" class="al-pc-category al-category form-control">
              <option value="">Category</option>
              <option value="1">ACategory</option>
            </select>
          </div>
          <div class="al-buttonContainer">
            <button name="searchButton" type="submit" class="btn btn-primary" value="processSearch">Search</button>
          </div>
        </div>

        <!-- Advanced Search Form -->

    <!-- FEATURED ARTICLES / NEWEST ITEMS LIST (Limit 10) / LIST RESULTS -->
    <div class="al-pc-listResults al-listResults">
      <h2>Featured Articles</h2>
      <!-- First Item -->
      <a class="al-pc-listResultLink al-listResultLink" href="#">
        <div class="al-listResult well">
          <div class="al-listImg"><img src="{{ImgSource}}"></div>
          <div class="al-listContent">
            <div class="al-itemTitle">{{Title}}</div>
            <div class="al-itemDescription">
              {{Description}}
              <span class="readMore text-primary">Read More</span>
            </div>
            <div class="al-itemDate"><strong class="boldedText">Date: </strong><span>{{Date}}</span></div>
            <div class="al-itemAuthor"><strong>Author: </strong><span>{{Author}}</span></div>
          </div>
        </div>
      </a>

      <!-- Second Item -->
      <!-- Third Item -->
      <!-- Fourth Item -->
      <!-- Fifth Item -->

      <div class="al-pc-displayedResults al-displayedResults">Showing <span class="al-pc-displayedResultStart al-displayedResultStart">1</span> through <span class="al-pc-displayedResultEnd al-displayedResultEnd">10</span> of <span class="al-pc-allResults al-allResults">35</span> <span class="al-pc-displayedList al-displayedList">results</span> </div>
      <div class="al-paginationULs">

        <!-- Pages -->
        <ul class="al-pc-listPagination al-listPagination pagination">
          <li>
            <a href="#" aria-label="Previous">
              <span aria-hidden="true">&laquo;</span>
            </a>
          </li>
          <li class="active"><a href="#">5</a></li>
          <li><a href="#">6</a></li>
          <li><a href="#">7</a></li>
          <li><a href="#">8</a></li>
          <li><a href="#">9</a></li>
          <li>
            <a href="#" aria-label="Next">
              <span aria-hidden="true">&raquo;</span>
            </a>
          </li>
        </ul>

        <!-- Results Per Page -->
        <ul class="al-pc-resultsPerPage al-resultsPerPage pagination">
          <li><a href="#">10</a></li>
          <li class="active"><a href="#">25</a></li>
          <li><a href="#">50</a></li>
          <li><a href="#">100</a></li>
        </ul>
      </div>

    </div>
  </div>
  </div>]]></field>
			<field name="StylesFilename"></field>
			<field name="Active">True</field>
			<field name="SortOrder"></field>
		</record>
		<record content="Layouts" guid="{BD332364-A786-46B1-A0D8-C4B6B55B71A5}" name="Article Library Result Layout">
			<field name="Layout"><![CDATA[  <div class="articleLibrary">
      <div class="articleLibraryWrapper">
      <!-- SEARCH AND FILTER TOOLS -->

          <div class="al-searchTools">
            <div class="al-fieldData form-group">
              <input class="al-pc-keyword al-keyword form-control" type="Text" name="key" placeholder="Keyword">
            </div>
            <div class="al-pc-categoryDiv al-fieldData form-group">
              <select size="1" name="cat" class="al-pc-category al-category form-control">
                <option value="">Category</option>
                <option value="1">ACategory</option>
              </select>
            </div>
            <div class="al-buttonContainer">
              <button name="searchButton" type="submit" class="btn btn-primary" value="processSearch">Search</button>
            </div>
          </div>

      <!-- FEATURED ARTICLES / NEWEST ITEMS LIST (Limit 10) / LIST RESULTS -->
      <div class="al-pc-listResults al-listResults">
        <h2>Search Results</h2>
        <!-- First Item -->
        <a class="al-pc-listResultLink al-listResultLink" href="#">
          <div class="al-listResult well">
            <div class="al-listImg"><img src="{{ImgSource}}"></div>
            <div class="al-listContent">
              <div class="al-itemTitle">{{Title}}</div>
              <div class="al-itemDescription">
                {{Description}}
                <span class="readMore text-primary">Read More</span>
              </div>
              <div class="al-itemDate"><strong class="boldedText">Date: </strong><span>{{Date}}</span></div>
              <div class="al-itemAuthor"><strong>Author: </strong><span>{{Author}}</span></div>
            </div>
          </div>
        </a>

        <!-- Second Item -->
        <!-- Third Item -->
        <!-- Fourth Item -->
        <!-- Fifth Item -->
        <div class="al-displayedResults">Showing <span class="al-pc-displayedResultStart al-displayedResultStart">1</span> through <span class="al-pc-displayedResultEnd al-displayedResultEnd">10</span> of <span class="al-pc-allResults al-allResults">35</span> <span class="al-pc-displayedList al-displayedList">results</span> </div>
        <div class="al-paginationULs">
          <!-- Pages -->
          <ul class="al-pc-listPagination al-listPagination pagination">
            <li>
              <a href="#" aria-label="Previous">
                <span aria-hidden="true">&laquo;</span>
              </a>
            </li>
            <li class="active"><a href="#">5</a></li>
            <li><a href="#">6</a></li>
            <li><a href="#">7</a></li>
            <li><a href="#">8</a></li>
            <li><a href="#">9</a></li>
            <li>
              <a href="#" aria-label="Next">
                <span aria-hidden="true">&raquo;</span>
              </a>
            </li>
          </ul>

          <!-- Results Per Page -->
          <ul class="al-pc-resultsPerPage al-resultsPerPage pagination">
            <li><a href="#">10</a></li>
            <li class="active"><a href="#">25</a></li>
            <li><a href="#">50</a></li>
            <li><a href="#">100</a></li>
          </ul>
        </div>

      </div>
    </div>
    </div>]]></field>
			<field name="StylesFilename"></field>
			<field name="Active">True</field>
			<field name="SortOrder"></field>
		</record>
		<record content="Layouts" guid="{599487B0-B02F-4ECA-B991-636752005EB7}" name="Article Library Details Layout">
			<field name="Layout"><![CDATA[    <div class="articleLibrary">
      <div class="articleLibraryWrapper">
        <!-- SEARCH AND FILTER TOOLS -->

            <div class="al-searchTools">
              <div class="al-fieldData form-group">
                <input class="al-pc-keyword al-keyword form-control" type="Text" name="key" placeholder="Keyword">
              </div>
              <div class="al-pc-categoryDiv al-fieldData form-group">
                <select size="1" name="cat" class="al-pc-category al-category form-control">
                  <option value="">Category</option>
                  <option value="1">ACategory</option>
                </select>
              </div>
              <div class="al-buttonContainer">
                <button name="searchButton" type="submit" class="btn btn-primary" value="processSearch">Search</button>
              </div>
            </div>


          <div id="detailsPage" class="detailsPage">

              <!-- Page Header -->
              <header class="al-articleHeader">
                  <div class="row">
                    <div class="col-lg-12 col-md-12 mx-auto">
                      <div class="al-articleHeading">
                        <img class="al-pc-articleImage al-articleImage" src="../img/placeholder.png">
                        <h1 class="al-pc-articleTitle text-info  al-articleTitle">Biomimetic Oral Appliance Therapy in Adults with Severe Obstructive Sleep Apnea</h1>
                        <span class="al-pc-authorDate al-authorDate">
                          Dr. David Singh
                          | August 24, 2017</span>
                      </div>
                    </div>
                  </div>
              </header>

              <!-- Article Details -->
              <article class="al-article">
                  <div class="row">
                    <div class="al-pc-articleDetails al-articleDetails col-lg-12 col-md-12 mx-auto">
                      <h2 class="section-heading">Living with Sleep Apnea</h2>
                      <p>Environmental and hereditary factors impact the expression of these genetic codes and can result in an arch that is too narrow and a palate that is too high.  These malformations can compromise your airway. A compromised airway often
                        results in diminished airflow and prohibits your ability to achieve proper oxygen levels in your blood.  It can also the cause of crowded or crooked teeth and an asymmetrical facial structure. </p>
                      <p>For many years, it was believed, that making corrections to the arch could only be done in the formative years as a child.  The latest research and Vivos DNA Appliance biomimetic technology have proven this may be a misconception.</p>
                      <p>For many years, it was believed, that making corrections to the arch could only be done in the formative years as a child.  The latest research and Vivos DNA Appliance biomimetic technology have proven this may be a misconception.</p>
                      <p>For many years, it was believed, that making corrections to the arch could only be done in the formative years as a child.  The latest research and Vivos DNA Appliance biomimetic technology have proven this may be a misconception.</p>
                    </div>
                  </div>
              </article>

              <!-- Article Files -->
              <div class="row">
                <div class="col-lg-8 col-md-10">
                  <ul class="al-pc-detailPageLinks al-detailPageLinks">
                    <li class="">
                      <a href="#"><span class="glyphicon glyphicon-file"></span> Click Here to View the Associated File</a>
                    </li>
                    <li class="">
                      <a href="#"><span class="glyphicon glyphicon-globe"></span> Click Here to View the Website</a>
                    </li>
                  </ul>
                </div>
              </div>
              <hr>

              <!-- Return Buttons -->
              <div>
                <div class="al-returnBtns">
                  <a class="al-returnToSearchBtn btn btn-primary" href="#"><span class="glyphicon glyphicon-arrow-left"></span> Return to Search Results</a>
                  <a class="al-createSearchBtn btn btn-primary" href="#"><span class="glyphicon glyphicon-search"></span> Create another search</a>
                </div>
              </div>

          </div>

        </div>
      </div>]]></field>
			<field name="StylesFilename"></field>
			<field name="Active">True</field>
			<field name="SortOrder"></field>
		</record>
	</data>
	<CDef Name="Article Library Categories" Active="1" AdminOnly="0" AllowAdd="1" AllowCalendarEvents="0" AllowContentChildTool="0" AllowContentTracking="0" AllowDelete="1" AllowMetaContent="0" AllowTopicRules="0" AllowWorkflowAuthoring="0" AuthoringDataSourceName="Default" AuthoringTableName="articleLibraryCategories" ContentDataSourceName="Default" ContentTableName="articleLibraryCategories" DefaultSortMethod="By Name" DeveloperOnly="0" DropDownFieldList="Name" EditorGroupName="Content Editors" Parent="" IconLink="" IconHeight="0" IconWidth="0" IconSprites="0" isbasecontent="0" guid="{317C3059-265B-4DE6-8246-2AD43C6CE3A4}" >
		<Field Name="Name" active="True" AdminOnly="False" Authorable="True" Caption="Name" DeveloperOnly="False" EditSortPriority="110" FieldType="Text" HTMLContent="False" IndexColumn="0" IndexSortDirection="" IndexSortOrder="0" IndexWidth="0" RedirectID="0" RedirectPath="" Required="False" TextBuffered="False" UniqueName="False" DefaultValue="" RSSTitle="False" RSSDescription="False" MemberSelectGroupID="0" EditTab="" Scramble="False" LookupList="" NotEditable="False" Password="False" ReadOnly="False" ManyToManyRulePrimaryField="" ManyToManyRuleSecondaryField="" IsModified="False" IsBaseField="False" LookupContent="" RedirectContent="" ManyToManyContent="" ManyToManyRuleContent="" ></Field>
		<Field Name="Active" active="True" AdminOnly="False" Authorable="True" Caption="Active" DeveloperOnly="False" EditSortPriority="200" FieldType="Boolean" HTMLContent="False" IndexColumn="0" IndexSortDirection="" IndexSortOrder="0" IndexWidth="0" RedirectID="0" RedirectPath="" Required="False" TextBuffered="False" UniqueName="False" DefaultValue="1" RSSTitle="False" RSSDescription="False" MemberSelectGroupID="0" EditTab="" Scramble="False" LookupList="" NotEditable="False" Password="False" ReadOnly="False" ManyToManyRulePrimaryField="" ManyToManyRuleSecondaryField="" IsModified="False" IsBaseField="False" LookupContent="" RedirectContent="" ManyToManyContent="" ManyToManyRuleContent="" ></Field>
		<Field Name="SortOrder" active="True" AdminOnly="False" Authorable="False" Caption="Alpha Sort Order" DeveloperOnly="False" EditSortPriority="2000" FieldType="Text" HTMLContent="False" IndexColumn="0" IndexSortDirection="" IndexSortOrder="0" IndexWidth="0" RedirectID="0" RedirectPath="" Required="False" TextBuffered="False" UniqueName="False" DefaultValue="" RSSTitle="False" RSSDescription="False" MemberSelectGroupID="0" EditTab="" Scramble="False" LookupList="" NotEditable="False" Password="False" ReadOnly="False" ManyToManyRulePrimaryField="" ManyToManyRuleSecondaryField="" IsModified="False" IsBaseField="False" LookupContent="" RedirectContent="" ManyToManyContent="" ManyToManyRuleContent="" ></Field>
		<Field Name="articleLibraryId" active="True" AdminOnly="False" Authorable="True" Caption="Article Library" DeveloperOnly="False" EditSortPriority="1000" FieldType="Lookup" HTMLContent="False" IndexColumn="0" IndexSortDirection="" IndexSortOrder="0" IndexWidth="" RedirectID="" RedirectPath="" Required="False" TextBuffered="False" UniqueName="False" DefaultValue="" RSSTitle="False" RSSDescription="False" MemberSelectGroupID="0" EditTab="" Scramble="False" LookupList="" NotEditable="False" Password="False" ReadOnly="False" ManyToManyRulePrimaryField="" ManyToManyRuleSecondaryField="" IsModified="False" IsBaseField="False" LookupContent="Article Libraries" RedirectContent="" ManyToManyContent="" ManyToManyRuleContent="" ></Field>
	</CDef>
	<CDef Name="Article Library Data" Active="1" AdminOnly="0" AllowAdd="1" AllowCalendarEvents="0" AllowContentChildTool="0" AllowContentTracking="0" AllowDelete="1" AllowMetaContent="0" AllowTopicRules="0" AllowWorkflowAuthoring="0" AuthoringDataSourceName="Default" AuthoringTableName="articleLibraryData" ContentDataSourceName="Default" ContentTableName="articleLibraryData" DefaultSortMethod="By Name" DeveloperOnly="0" DropDownFieldList="Name" EditorGroupName="" Parent="" IconLink="" IconHeight="0" IconWidth="0" IconSprites="0" isbasecontent="0" guid="{9C67F151-0BA5-4B71-A296-33E61307414F}" >
		<Field Name="Name" active="True" AdminOnly="False" Authorable="True" Caption="Name" DeveloperOnly="False" EditSortPriority="110" FieldType="Text" HTMLContent="False" IndexColumn="0" IndexSortDirection="" IndexSortOrder="0" IndexWidth="0" RedirectID="0" RedirectPath="" Required="False" TextBuffered="False" UniqueName="False" DefaultValue="" RSSTitle="False" RSSDescription="False" MemberSelectGroupID="0" EditTab="" Scramble="False" LookupList="" NotEditable="False" Password="False" ReadOnly="False" ManyToManyRulePrimaryField="" ManyToManyRuleSecondaryField="" IsModified="False" IsBaseField="False" LookupContent="" RedirectContent="" ManyToManyContent="" ManyToManyRuleContent="" >
			<HelpDefault><![CDATA[The name of the article. This name is listed on the public site, and is part of the text search.]]></HelpDefault>
		</Field>
		<Field Name="Active" active="True" AdminOnly="False" Authorable="True" Caption="Active" DeveloperOnly="False" EditSortPriority="200" FieldType="Boolean" HTMLContent="False" IndexColumn="0" IndexSortDirection="" IndexSortOrder="0" IndexWidth="0" RedirectID="0" RedirectPath="" Required="False" TextBuffered="False" UniqueName="False" DefaultValue="1" RSSTitle="False" RSSDescription="False" MemberSelectGroupID="0" EditTab="" Scramble="False" LookupList="" NotEditable="False" Password="False" ReadOnly="False" ManyToManyRulePrimaryField="" ManyToManyRuleSecondaryField="" IsModified="False" IsBaseField="False" LookupContent="" RedirectContent="" ManyToManyContent="" ManyToManyRuleContent="" >
			<HelpDefault><![CDATA[Uncheck to disable this entry.]]></HelpDefault>
		</Field>
		<Field Name="SortOrder" active="True" AdminOnly="False" Authorable="False" Caption="Alpha Sort Order" DeveloperOnly="False" EditSortPriority="2000" FieldType="Text" HTMLContent="False" IndexColumn="0" IndexSortDirection="" IndexSortOrder="0" IndexWidth="0" RedirectID="0" RedirectPath="" Required="False" TextBuffered="False" UniqueName="False" DefaultValue="" RSSTitle="False" RSSDescription="False" MemberSelectGroupID="0" EditTab="" Scramble="False" LookupList="" NotEditable="False" Password="False" ReadOnly="False" ManyToManyRulePrimaryField="" ManyToManyRuleSecondaryField="" IsModified="False" IsBaseField="False" LookupContent="" RedirectContent="" ManyToManyContent="" ManyToManyRuleContent="" ></Field>
		<Field Name="copy" active="True" AdminOnly="False" Authorable="True" Caption="Copy" DeveloperOnly="False" EditSortPriority="310" FieldType="HTML" HTMLContent="True" IndexColumn="0" IndexSortDirection="" IndexSortOrder="0" IndexWidth="" RedirectID="" RedirectPath="" Required="False" TextBuffered="False" UniqueName="False" DefaultValue="" RSSTitle="False" RSSDescription="False" MemberSelectGroupID="0" EditTab="" Scramble="False" LookupList="" NotEditable="False" Password="False" ReadOnly="False" ManyToManyRulePrimaryField="" ManyToManyRuleSecondaryField="" IsModified="False" IsBaseField="False" LookupContent="" RedirectContent="" ManyToManyContent="" ManyToManyRuleContent="" >
			<HelpDefault><![CDATA[The copy for this article.]]></HelpDefault>
		</Field>
		<Field Name="uploadFileName" active="True" AdminOnly="False" Authorable="True" Caption="Upload" DeveloperOnly="False" EditSortPriority="320" FieldType="File" HTMLContent="False" IndexColumn="0" IndexSortDirection="" IndexSortOrder="0" IndexWidth="" RedirectID="" RedirectPath="" Required="False" TextBuffered="False" UniqueName="False" DefaultValue="" RSSTitle="False" RSSDescription="False" MemberSelectGroupID="0" EditTab="" Scramble="False" LookupList="" NotEditable="False" Password="False" ReadOnly="False" ManyToManyRulePrimaryField="" ManyToManyRuleSecondaryField="" IsModified="False" IsBaseField="False" LookupContent="" RedirectContent="" ManyToManyContent="" ManyToManyRuleContent="" >
			<HelpDefault><![CDATA[Upload a file if this article links to a file.]]></HelpDefault>
		</Field>
		<Field Name="articleLibraryCategoryID" active="True" AdminOnly="False" Authorable="True" Caption="Library Category" DeveloperOnly="False" EditSortPriority="300" FieldType="Lookup" HTMLContent="False" IndexColumn="0" IndexSortDirection="" IndexSortOrder="0" IndexWidth="" RedirectID="" RedirectPath="" Required="False" TextBuffered="False" UniqueName="False" DefaultValue="" RSSTitle="False" RSSDescription="False" MemberSelectGroupID="0" EditTab="" Scramble="False" LookupList="" NotEditable="False" Password="False" ReadOnly="False" ManyToManyRulePrimaryField="" ManyToManyRuleSecondaryField="" IsModified="False" IsBaseField="False" LookupContent="Article Library Categories" RedirectContent="" ManyToManyContent="" ManyToManyRuleContent="" >
			<HelpDefault><![CDATA[Choose a category for this article.]]></HelpDefault>
		</Field>
		<Field Name="link" active="True" AdminOnly="False" Authorable="True" Caption="Link" DeveloperOnly="False" EditSortPriority="330" FieldType="Link" HTMLContent="False" IndexColumn="0" IndexSortDirection="" IndexSortOrder="0" IndexWidth="" RedirectID="" RedirectPath="" Required="False" TextBuffered="False" UniqueName="False" DefaultValue="" RSSTitle="False" RSSDescription="False" MemberSelectGroupID="0" EditTab="" Scramble="False" LookupList="" NotEditable="False" Password="False" ReadOnly="False" ManyToManyRulePrimaryField="" ManyToManyRuleSecondaryField="" IsModified="False" IsBaseField="False" LookupContent="" RedirectContent="" ManyToManyContent="" ManyToManyRuleContent="" >
			<HelpDefault><![CDATA[Enter the link as http://www.website.com if this article links to a website.]]></HelpDefault>
		</Field>
		<Field Name="articleLibraryId" active="True" AdminOnly="False" Authorable="True" Caption="Article Library" DeveloperOnly="False" EditSortPriority="150" FieldType="Lookup" HTMLContent="False" IndexColumn="0" IndexSortDirection="" IndexSortOrder="0" IndexWidth="" RedirectID="" RedirectPath="" Required="False" TextBuffered="False" UniqueName="False" DefaultValue="" RSSTitle="False" RSSDescription="False" MemberSelectGroupID="0" EditTab="" Scramble="False" LookupList="" NotEditable="False" Password="False" ReadOnly="False" ManyToManyRulePrimaryField="" ManyToManyRuleSecondaryField="" IsModified="False" IsBaseField="False" LookupContent="Article Libraries" RedirectContent="" ManyToManyContent="" ManyToManyRuleContent="" >
			<HelpDefault><![CDATA[If this article is part of a specific library, select it here. Create Article Libraries by clicking the See all Article Libraries link and adding a record.]]></HelpDefault>
		</Field>
		<Field Name="featuredArticle" active="True" AdminOnly="False" Authorable="True" Caption="Featured Article" DeveloperOnly="False" EditSortPriority="1010" FieldType="Boolean" HTMLContent="False" IndexColumn="" IndexSortDirection="" IndexSortOrder="" IndexWidth="" RedirectID="" RedirectPath="" Required="False" TextBuffered="False" UniqueName="False" DefaultValue="0" RSSTitle="False" RSSDescription="False" MemberSelectGroupID="" EditTab="Version 2" Scramble="False" LookupList="" NotEditable="False" Password="False" ReadOnly="False" ManyToManyRulePrimaryField="" ManyToManyRuleSecondaryField="" IsModified="True" IsBaseField="False" LookupContent="" RedirectContent="" ManyToManyContent="" ManyToManyRuleContent="" ></Field>
		<Field Name="articleAuthor" active="True" AdminOnly="False" Authorable="True" Caption="articleAuthor" DeveloperOnly="False" EditSortPriority="1020" FieldType="Text" HTMLContent="False" IndexColumn="0" IndexSortDirection="" IndexSortOrder="0" IndexWidth="" RedirectID="" RedirectPath="" Required="False" TextBuffered="False" UniqueName="False" DefaultValue="" RSSTitle="False" RSSDescription="False" MemberSelectGroupID="0" EditTab="Version 2" Scramble="False" LookupList="" NotEditable="False" Password="False" ReadOnly="False" ManyToManyRulePrimaryField="" ManyToManyRuleSecondaryField="" IsModified="False" IsBaseField="False" LookupContent="" RedirectContent="" ManyToManyContent="" ManyToManyRuleContent="" ></Field>
		<Field Name="articleDate" active="True" AdminOnly="False" Authorable="True" Caption="articleDate" DeveloperOnly="False" EditSortPriority="1030" FieldType="Date" HTMLContent="False" IndexColumn="0" IndexSortDirection="" IndexSortOrder="0" IndexWidth="" RedirectID="" RedirectPath="" Required="False" TextBuffered="False" UniqueName="False" DefaultValue="" RSSTitle="False" RSSDescription="False" MemberSelectGroupID="0" EditTab="Version 2" Scramble="False" LookupList="" NotEditable="False" Password="False" ReadOnly="False" ManyToManyRulePrimaryField="" ManyToManyRuleSecondaryField="" IsModified="False" IsBaseField="False" LookupContent="" RedirectContent="" ManyToManyContent="" ManyToManyRuleContent="" ></Field>
		<Field Name="articleImage" active="True" AdminOnly="False" Authorable="True" Caption="articleImage" DeveloperOnly="False" EditSortPriority="1040" FieldType="Image" HTMLContent="False" IndexColumn="0" IndexSortDirection="" IndexSortOrder="0" IndexWidth="" RedirectID="" RedirectPath="" Required="False" TextBuffered="False" UniqueName="False" DefaultValue="" RSSTitle="False" RSSDescription="False" MemberSelectGroupID="0" EditTab="Version 2" Scramble="False" LookupList="" NotEditable="False" Password="False" ReadOnly="False" ManyToManyRulePrimaryField="" ManyToManyRuleSecondaryField="" IsModified="False" IsBaseField="False" LookupContent="" RedirectContent="" ManyToManyContent="" ManyToManyRuleContent="" ></Field>
	</CDef>
	<CDef Name="Article Libraries" Active="1" AdminOnly="0" AllowAdd="1" AllowCalendarEvents="0" AllowContentChildTool="0" AllowContentTracking="0" AllowDelete="1" AllowMetaContent="0" AllowTopicRules="0" AllowWorkflowAuthoring="0" AuthoringDataSourceName="Default" AuthoringTableName="articleLibraries" ContentDataSourceName="Default" ContentTableName="articleLibraries" DefaultSortMethod="By Name" DeveloperOnly="0" DropDownFieldList="Name" EditorGroupName="" Parent="" IconLink="" IconHeight="0" IconWidth="0" IconSprites="0" isbasecontent="0" guid="{B4C375CE-C940-4996-A5B2-71C9413EB54A}" >
		<Field Name="Name" active="True" AdminOnly="False" Authorable="True" Caption="Name" DeveloperOnly="False" EditSortPriority="110" FieldType="Text" HTMLContent="False" IndexColumn="0" IndexSortDirection="" IndexSortOrder="0" IndexWidth="0" RedirectID="0" RedirectPath="" Required="False" TextBuffered="False" UniqueName="False" DefaultValue="" RSSTitle="False" RSSDescription="False" MemberSelectGroupID="0" EditTab="" Scramble="False" LookupList="" NotEditable="False" Password="False" ReadOnly="False" ManyToManyRulePrimaryField="" ManyToManyRuleSecondaryField="" IsModified="False" IsBaseField="False" LookupContent="" RedirectContent="" ManyToManyContent="" ManyToManyRuleContent="" >
			<HelpDefault><![CDATA[Enter the name of this Article Library. This name is used to organize the article libraries, and is not visible on the public site.]]></HelpDefault>
		</Field>
		<Field Name="Active" active="True" AdminOnly="False" Authorable="False" Caption="Active" DeveloperOnly="False" EditSortPriority="200" FieldType="Boolean" HTMLContent="False" IndexColumn="0" IndexSortDirection="" IndexSortOrder="0" IndexWidth="0" RedirectID="0" RedirectPath="" Required="False" TextBuffered="False" UniqueName="False" DefaultValue="1" RSSTitle="False" RSSDescription="False" MemberSelectGroupID="0" EditTab="" Scramble="False" LookupList="" NotEditable="False" Password="False" ReadOnly="False" ManyToManyRulePrimaryField="" ManyToManyRuleSecondaryField="" IsModified="False" IsBaseField="False" LookupContent="" RedirectContent="" ManyToManyContent="" ManyToManyRuleContent="" ></Field>
		<Field Name="SortOrder" active="True" AdminOnly="False" Authorable="False" Caption="Alpha Sort Order" DeveloperOnly="False" EditSortPriority="2000" FieldType="Text" HTMLContent="False" IndexColumn="0" IndexSortDirection="" IndexSortOrder="0" IndexWidth="0" RedirectID="0" RedirectPath="" Required="False" TextBuffered="False" UniqueName="False" DefaultValue="" RSSTitle="False" RSSDescription="False" MemberSelectGroupID="0" EditTab="" Scramble="False" LookupList="" NotEditable="False" Password="False" ReadOnly="False" ManyToManyRulePrimaryField="" ManyToManyRuleSecondaryField="" IsModified="False" IsBaseField="False" LookupContent="" RedirectContent="" ManyToManyContent="" ManyToManyRuleContent="" ></Field>
	</CDef>
	<ImportCollection name="BootstrapV51">{2d3f9a21-9602-4549-b5df-5e09a9dae57e}</ImportCollection>
	<Resource name="placeholder.png" type="www" path="img" />
</Collection>