<?xml version="1.0" encoding="windows-1252"?>
<Collection name="Article Library" guid="{FB1FD91D-A393-4D78-AAB4-27382CEC2D12}" system="No" updatable="Yes" blockNavigatorNode="No" onInstallAddonGuid="">
	<HelpLink>http://wiki.kmacloud.net/index.php?title=Article_Library</HelpLink>
	<Help></Help>
	<Addon name="Article Library" guid="{CC8D2284-F308-4DA6-8158-C94931E1E7B0}" type="Add-on">
		<Copy></Copy>
		<CopyText></CopyText>
		<ActiveXProgramID></ActiveXProgramID>
		<DotNetClass></DotNetClass>
		<ArgumentList><![CDATA[Initial Article Library=[None:0|listID(Article Libraries)]
Initial Articles to Display
]]></ArgumentList>
		<AsAjax>No</AsAjax>
		<Filter>No</Filter>
		<Help></Help>
		<HelpLink></HelpLink>
		<Icon Link="" width="0" height="0" sprites="0" />
		<InIframe>No</InIframe>
		<BlockEditTools>No</BlockEditTools>
		<FormXML></FormXML>
		<IsInline>No</IsInline>
		<JavascriptInHead></JavascriptInHead>
		<javascriptForceHead>No</javascriptForceHead>
		<JSHeadScriptSrc></JSHeadScriptSrc>
		<!-- deprecated --><JSBodyScriptSrc></JSBodyScriptSrc>
		<!-- deprecated --><JavascriptBodyEnd></JavascriptBodyEnd>
		<!-- deprecated --><JavascriptOnLoad></JavascriptOnLoad>
		<Content>Yes</Content>
		<Template>No</Template>
		<Email>No</Email>
		<Admin>Yes</Admin>
		<OnPageEndEvent>No</OnPageEndEvent>
		<OnPageStartEvent>No</OnPageStartEvent>
		<OnBodyStart>No</OnBodyStart>
		<OnBodyEnd>No</OnBodyEnd>
		<RemoteMethod>No</RemoteMethod>
		<Diagnostic>No</Diagnostic>
		<Diagnostic>No</Diagnostic>
		<ProcessRunOnce>No</ProcessRunOnce>
		<ProcessInterval>0</ProcessInterval>
		<MetaDescription></MetaDescription>
		<OtherHeadTags></OtherHeadTags>
		<PageTitle></PageTitle>
		<RemoteAssetLink></RemoteAssetLink>
		<Styles><![CDATA[.libraryContainer{
	padding:5px;	
}

.fieldCaption{
	font-weight:bold;
}
.fieldData{
	margin:3px 0px 10px 0px;
}
.summaryTable{
	width: 100%;
	border-spacing: 0px;
	padding: 0px;
	border:1px solid #000000;
}
.header{
	color: #FFFFFF;
	background-color: #000000;
	font-weight: bold;
	border-bottom:1px solid #FFFFFF;
	padding: 5px;	
}
.returnContainer{
	margin:10px 0px 0px 0px;
}
.summaryEvenLeft{
	width:65%;
	padding: 5px;
	border-bottom:1px solid #000000;
}
.summaryEvenRight{
	padding: 5px;
	width:35%;
	border-bottom:1px solid #000000;
}
.summaryOddLeft{
	width:65%;
	padding: 5px;
	border-bottom:1px solid #000000;
}
.summaryOddRight{
	padding: 5px;
	width:35%;
	border-bottom:1px solid #000000;
}
.buttonContainer{
	margin:10px 0px 0px 0px;
}]]></Styles>
		<styleslinkhref></styleslinkhref>
		<Scripting Language="VBScript" EntryPoint="getContent" Timeout="5000">
			<Code><![CDATA[function getContent()

	dim stream
	dim cs
	dim recordID
	dim categoryID
	dim keyWord
	dim rowClass
	dim rowCount
	Dim pageReference
	dim layoutID
	dim cs2
	dim hidePrint
	dim initialrecords
	dim initialLibrary
	dim copy
	dim uploadFile
	dim target
	dim link
	dim strPos
	dim addLinkForCopy

	set cs = cp.csNew
	set cs2 = cp.csNew
	recordID = cp.utils.encodeInteger(cp.doc.var("rec"))
	categoryID = cp.utils.encodeInteger(cp.doc.var("cat"))
	keyWord = cp.doc.var("key")
	pageReference = CP.Request.Page & "?" & CP.Request.QueryString
	hidePrint = cp.utils.EncodeBoolean(cp.doc.var("hideprint"))
	initialrecords = cp.utils.encodeInteger(cp.doc.var("Initial Articles to Display"))
	initialLibrary = cp.utils.encodeInteger(cp.doc.var("Initial Article Library"))

	if recordID <> 0 then

		if cs.Open("Article Library Data", "ID=" & recordID) then
			stream = stream & cs.GetEditLink()
			stream = stream & cp.html.h1(cs.GetText("Name"),,"articleHead")
			stream = stream & cp.html.div(Mid(cs.GetText("Copy"),1,950) & " ...",,"articleCopy")
			'
			uploadFile = cs.GetText("uploadFileName")
			link = cs.getText("link")
			'
			if uploadFile <> "" then
				stream = stream & "<div class=""articleFileCon""><p><a target=""_blank"" href=""" & cp.site.FilePath & uploadFile & """>Click here to view the associated file</a></p></div>"
			end if
			if link <> "" then
				if instr( link, "://" )=0 then
					link = "http://" & link
				end if
				stream = stream & "<div class=""articleLinkCon""><p><a target=""_blank"" href=""" & link & """>Click here to view the website</a></p></div>"
			end if
		end if
		call cs.Close()

		link = cp.Utils.ModifyLinkQueryString(pageReference, "rec", 0, True)
		link = cp.Utils.ModifyLinkQueryString(link, "button", "Search", True)
		stream = stream & cp.html.div("<a href=""" & link & """>Return to Search Results</a>",,"returnContainer")
	end if
	'
	if cp.doc.var("button") = "Search" then
		if keyWord <> "" then
			criteria = "((name like " & cp.db.encodeSQLText("%" & keyword & "%") & ")"
			criteria = criteria & " OR (copy like " & cp.db.encodeSQLText("%" & keyword & "%") & "))"
		end if
		if categoryID <> 0 then
			if criteria <> "" then
				criteria = criteria & " AND "
			end if
			criteria = criteria & "(articleLibraryCategoryID=" & categoryID &")"
		else
			' search only in categories for the library
			if criteria <> "" then
				criteria = criteria & " AND "
			end if
			criteria = criteria & "(articleLibraryCategoryID in (select id from articleLibraryCategories where articleLibraryId=" & initialLibrary & " ) )"
		end if
		'
		if cs.Open("Article Library Data", criteria,"name") then
			stream = stream & "<table class=""summaryTable"">"
			stream = stream & "<tr>"
			stream = stream & "<td class=""header"">Name</td>"
			stream = stream & "<td class=""header"">Category</td>"
			stream = stream & "</tr>"
			do while cs.OK()
				addLinkForCopy = false 
				If (rowCount Mod 2) = 0 Then
					rowClass = "summaryOdd"
				Else
					rowClass = "summaryEven"
				End If
				'
				uploadFile = cs.GetText("uploadFileName")
				copy = cs.GetText("copy")
				'
				'if uploadFile<>"" and copy="" then
				'	link = cp.Site.FilePath & uploadFile
				'	target = "_blank"
				'else
				'	link = cp.Utils.ModifyLinkQueryString(pageReference, "rec", cs.GetInteger("ID"), True)
				'	link = cp.Utils.ModifyLinkQueryString(link, "key", keyword, True)
				'	link = cp.Utils.ModifyLinkQueryString(link, "cat", categoryID, True)
				'	target = "_self"
				'end if
				' ****
				uploadFile = cs.GetText("uploadFileName")
				link = cs.getText("link")
				'
				stream = stream & "<tr>"
				stream = stream & "<td class=""" & rowClass & "Left"">&nbsp;<br><b>" & cs.GetEditLink() & cs.GetText("Name") & "</b></td>"
				'stream = stream & "<td class=""" & rowClass & "Left"">" & cs.GetEditLink() & "<a href=""" & link & """>" & cs.GetText("Name") & "</a></td>"
				stream = stream & "<td class=""" & rowClass & "Right"">&nbsp;<br>" & cs.GetText("articleLibraryCategoryID") & "</td>"
				stream = stream & "</tr>"

				' 
				dim  startCopy, endCopy
				copy = cs.GetText("Copy")
				if len( copy ) > 200 then
					addLinkForCopy = true
				end if
				strPos = inStr(1,copy,keyword,1)
				if strPos > 0 then
					startCopy = strPos-100
					if startCopy<=0 then
						startCopy = 1
					end if
					endCopy = strpos + 100
					if endCopy > len( copy ) then
						endCopy = len( copy )
					end if
					copy = mid(copy,startCopy,endCopy-startCopy)
				else
					copy = Mid(copy,1,200)
				end if

				stream = stream & "<tr>"
				stream = stream & "<td colspan=2 class=""" & rowClass & "Left"">" & copy
				if uploadFile <> "" then
					stream = stream & "<div class=""articleFileCon""><a target=""_blank"" href=""" & cp.site.FilePath & uploadFile & """>Click here to view the associated file</a></div>"
				end if
				if link <> "" then
					if instr( link, "://" )=0 then
						link = "http://" & link
					end if
					stream = stream & "<div class=""articleLinkCon""><a target=""_blank"" href=""" & link & """>Click here to view the website</a></div>"
				end if				
				if addLinkForCopy then
					link = cp.Utils.ModifyLinkQueryString(pageReference, "rec", cs.GetInteger("ID"), True)
					link = cp.Utils.ModifyLinkQueryString(link, "key", keyword, True)
					link = cp.Utils.ModifyLinkQueryString(link, "cat", categoryID, True)
					stream = stream & "<div class=""articleLinkCon""><a target=""_self"" href=""" & link & """>Click here to read more</a></div>"
				end if
				stream = stream & "</td>"
				stream = stream & "</tr>"
				cs.goNext()
				rowCount = rowCount + 1
			loop
			stream = stream & "</table>"
		else
			stream = stream & cp.html.p("Your search returned no results",,"ccError")
		end if
		cs.Close()
		'
	elseif recordID = 0 then

		call cp.site.SetProperty("News Page Location", CP.Request.Page & "?" & CP.Request.QueryString)

		if initialrecords <> 0 then
			'
			'	if selected only show selected category initially
			'
			'if initialLibrary <> 0 then
			'	criteria = "articleLibraryCategoryID=" & initialLibrary
			'end if
			'
			call cs.Open("Article Library Data", criteria,"DateAdded desc")
			
			stream = stream & "<table class=""summaryTable"">"
			stream = stream & "<tr>"
			stream = stream & "<td class=""header"">Name</td>"
			stream = stream & "<td class=""header"">Category</td>"
			stream = stream & "</tr>"
			do while (cs.OK()) and (rowCount<=initialrecords)
		         	If (rowCount Mod 2) = 0 Then
		               		rowClass = "summaryOdd"
		           	Else
		               		rowClass = "summaryEven"
		           	End If
				'
				uploadFile = cs.GetText("uploadFileName")
				copy = cs.GetText("copy")
				'
				if uploadFile<>"" and copy="" then
					link = cp.Site.FilePath & uploadFile
					target = "_blank"
				else
					link = cp.Utils.ModifyLinkQueryString(pageReference, "rec", cs.GetInteger("ID"), True)
					link = cp.Utils.ModifyLinkQueryString(link, "key", keyword, True)
					link = cp.Utils.ModifyLinkQueryString(link, "cat", categoryID, True)
					target = "_self"
				end if
				'
				stream = stream & "<tr>"
				stream = stream & "<td class=""" & rowClass & "Left"">" & cs.GetEditLink() & "<a target=""" & target & """ href=""" & link & """>" & cs.GetText("Name") & "</a></td>"
				stream = stream & "<td class=""" & rowClass & "Right"">" & cs.GetText("articleLibraryCategoryID") & "</td>"
				stream = stream & "</tr>"
				call cs.goNext()
				rowCount = rowCount + 1
			loop
			stream = stream & "</table>"
			call cs.Close()
			'
			stream = stream & "<img src=""/ccLib/images/spacer.gif"" width=""10"" height=""20"">"
		end if

		stream = stream & cp.html.div("Keyword:",,"fieldCaption")
		stream = stream & cp.html.div(cp.Html.inputText("key","",,"35"),,"fieldData")

		stream = stream & cp.html.div("Category:",,"fieldCaption")
		stream = stream & cp.html.div(cp.Html.SelectContent("cat","","Article Library Categories","articleLibraryId=" & initialLibrary,"Select One"),,"fieldData")

		stream = stream & cp.html.div(cp.html.button("button", "Search"),,"buttonContainer")

		stream = cp.html.form(stream)
	end if

	if ((recordID <> 0) OR (cp.doc.var("button") = "Search")) and (not hidePrint) then
		link = cp.utils.ModifyLinkQueryString(pageReference, "rec", 0)
		link = cp.Utils.ModifyLinkQueryString(link, "key", "")
		link = cp.Utils.ModifyLinkQueryString(link, "cat", 0)
		link = cp.Utils.ModifyLinkQueryString(link, "button", "")
		stream = stream & cp.html.div("<a href=""" & link & """>Create another search</a>",,"returnContainer")
	end if

	getContent = cp.html.div(stream, ,"libraryContainer")

end function]]></Code>
		</Scripting>
	</Addon>
	<Addon name="Article Library List" guid="{BD8F8132-2FF1-4AA4-99D4-8D5F8CD9A3B2}" type="Add-on">
		<Copy></Copy>
		<CopyText></CopyText>
		<ActiveXProgramID></ActiveXProgramID>
		<DotNetClass></DotNetClass>
		<ArgumentList><![CDATA[Records to Display]]></ArgumentList>
		<AsAjax>No</AsAjax>
		<Filter>No</Filter>
		<Help></Help>
		<HelpLink></HelpLink>
		<Icon Link="" width="0" height="0" sprites="0" />
		<InIframe>No</InIframe>
		<BlockEditTools>No</BlockEditTools>
		<FormXML></FormXML>
		<IsInline>No</IsInline>
		<JavascriptInHead></JavascriptInHead>
		<javascriptForceHead>No</javascriptForceHead>
		<JSHeadScriptSrc></JSHeadScriptSrc>
		<!-- deprecated --><JSBodyScriptSrc></JSBodyScriptSrc>
		<!-- deprecated --><JavascriptBodyEnd></JavascriptBodyEnd>
		<!-- deprecated --><JavascriptOnLoad></JavascriptOnLoad>
		<Content>Yes</Content>
		<Template>Yes</Template>
		<Email>No</Email>
		<Admin>Yes</Admin>
		<OnPageEndEvent>No</OnPageEndEvent>
		<OnPageStartEvent>No</OnPageStartEvent>
		<OnBodyStart>No</OnBodyStart>
		<OnBodyEnd>No</OnBodyEnd>
		<RemoteMethod>No</RemoteMethod>
		<Diagnostic>No</Diagnostic>
		<Diagnostic>No</Diagnostic>
		<ProcessRunOnce>No</ProcessRunOnce>
		<ProcessInterval>0</ProcessInterval>
		<MetaDescription></MetaDescription>
		<OtherHeadTags></OtherHeadTags>
		<PageTitle></PageTitle>
		<RemoteAssetLink></RemoteAssetLink>
		<Styles><![CDATA[


.libraryList a{
	font-weight: bold;
}

.libraryList a:hover{
	font-weight: bold;
}

.libraryList a:visited{
	font-weight: bold;
}]]></Styles>
		<styleslinkhref></styleslinkhref>
		<Scripting Language="" EntryPoint="" Timeout="5000">
			<Code><![CDATA[function getContent()

	dim stream
	dim cs
	dim rowCount
	Dim pageReference
	dim recordsToDisplay

	recordsToDisplay = cp.utils.encodeInteger(cp.doc.var("Records to Display"))

	if recordsToDisplay = 0 then
		recordsToDisplay = 5
	end if

	rowCount = 1
	pageReference = cp.site.getProperty("News Page Location")

	set cs = cp.csNew
	call cs.Open("Article Library Data",,"DateAdded desc")
	do while (cs.OK()) and (rowCount<=recordsToDisplay)
		link = cp.Utils.ModifyLinkQueryString(pageReference, "rec", cs.GetInteger("ID"), True)
		link = cp.Utils.ModifyLinkQueryString(link, "key", keyword, True)
		link = cp.Utils.ModifyLinkQueryString(link, "cat", categoryID, True)
		stream = stream & cp.html.li("<a href=""" & link & """>" & cs.GetText("Name") & "</a>")
		call cs.goNext()
		rowCount = rowCount + 1
	loop
	call cs.Close()

	getContent = cp.html.ul(stream,,"libraryList")

end function]]></Code>
		</Scripting>
	</Addon>
	<CDef Name="Article Libraries" Active="1" AdminOnly="0" AllowAdd="1" AllowCalendarEvents="0" AllowContentChildTool="0" AllowContentTracking="0" AllowDelete="1" AllowMetaContent="0" AllowTopicRules="0" AllowWorkflowAuthoring="0" AuthoringDataSourceName="Default" AuthoringTableName="articleLibraries" ContentDataSourceName="Default" ContentTableName="articleLibraries" DefaultSortMethod="" DeveloperOnly="0" DropDownFieldList="Name" EditorGroupName="Site Managers" Parent="" IconLink="" IconHeight="0" IconWidth="0" IconSprites="0" isbasecontent="" guid="{B4C375CE-C940-4996-A5B2-71C9413EB54A}" >
		<Field Name="Name" active="True" AdminOnly="False" Authorable="True" Caption="Name" DeveloperOnly="False" EditSortPriority="110" FieldType="Text" HTMLContent="False" IndexColumn="0" IndexSortDirection="" IndexSortOrder="0" IndexWidth="0" RedirectID="0" RedirectPath="" Required="False" TextBuffered="False" UniqueName="False" DefaultValue="" RSSTitle="False" RSSDescription="False" MemberSelectGroup="" EditTab="" Scramble="False" LookupList="" NotEditable="False" Password="False" ReadOnly="False" ManyToManyRulePrimaryField="" ManyToManyRuleSecondaryField="" IsModified="False" IsBaseField="False" LookupContent="" RedirectContent="" ManyToManyContent="" ManyToManyRuleContent="" >
			<HelpDefault><![CDATA[Enter the name of this Article Library. This name is used to organize the article libraries, and is not visible on the public site.]]></HelpDefault>
		</Field>
		<Field Name="Active" active="True" AdminOnly="False" Authorable="False" Caption="Active" DeveloperOnly="False" EditSortPriority="200" FieldType="Boolean" HTMLContent="False" IndexColumn="0" IndexSortDirection="" IndexSortOrder="0" IndexWidth="0" RedirectID="0" RedirectPath="" Required="False" TextBuffered="False" UniqueName="False" DefaultValue="1" RSSTitle="False" RSSDescription="False" MemberSelectGroup="" EditTab="" Scramble="False" LookupList="" NotEditable="False" Password="False" ReadOnly="False" ManyToManyRulePrimaryField="" ManyToManyRuleSecondaryField="" IsModified="False" IsBaseField="False" LookupContent="" RedirectContent="" ManyToManyContent="" ManyToManyRuleContent="" ></Field>
		<Field Name="SortOrder" active="True" AdminOnly="False" Authorable="False" Caption="Alpha Sort Order" DeveloperOnly="False" EditSortPriority="2000" FieldType="Text" HTMLContent="False" IndexColumn="0" IndexSortDirection="" IndexSortOrder="0" IndexWidth="0" RedirectID="0" RedirectPath="" Required="False" TextBuffered="False" UniqueName="False" DefaultValue="" RSSTitle="False" RSSDescription="False" MemberSelectGroup="" EditTab="" Scramble="False" LookupList="" NotEditable="False" Password="False" ReadOnly="False" ManyToManyRulePrimaryField="" ManyToManyRuleSecondaryField="" IsModified="False" IsBaseField="False" LookupContent="" RedirectContent="" ManyToManyContent="" ManyToManyRuleContent="" ></Field>
	</CDef>
	<CDef Name="Article Library Categories" Active="1" AdminOnly="0" AllowAdd="1" AllowCalendarEvents="0" AllowContentChildTool="0" AllowContentTracking="0" AllowDelete="1" AllowMetaContent="0" AllowTopicRules="0" AllowWorkflowAuthoring="0" AuthoringDataSourceName="Default" AuthoringTableName="articleLibraryCategories" ContentDataSourceName="Default" ContentTableName="articleLibraryCategories" DefaultSortMethod="By Name" DeveloperOnly="0" DropDownFieldList="Name" EditorGroupName="Content Editors" Parent="" IconLink="" IconHeight="0" IconWidth="0" IconSprites="0" isbasecontent="0" guid="{317C3059-265B-4DE6-8246-2AD43C6CE3A4}" >
		<Field Name="Name" active="True" AdminOnly="False" Authorable="True" Caption="Name" DeveloperOnly="False" EditSortPriority="110" FieldType="Text" HTMLContent="False" IndexColumn="0" IndexSortDirection="" IndexSortOrder="0" IndexWidth="0" RedirectID="0" RedirectPath="" Required="False" TextBuffered="False" UniqueName="False" DefaultValue="" RSSTitle="False" RSSDescription="False" MemberSelectGroup="" EditTab="" Scramble="False" LookupList="" NotEditable="False" Password="False" ReadOnly="False" ManyToManyRulePrimaryField="" ManyToManyRuleSecondaryField="" IsModified="False" IsBaseField="False" LookupContent="" RedirectContent="" ManyToManyContent="" ManyToManyRuleContent="" ></Field>
		<Field Name="Active" active="True" AdminOnly="False" Authorable="True" Caption="Active" DeveloperOnly="False" EditSortPriority="200" FieldType="Boolean" HTMLContent="False" IndexColumn="0" IndexSortDirection="" IndexSortOrder="0" IndexWidth="0" RedirectID="0" RedirectPath="" Required="False" TextBuffered="False" UniqueName="False" DefaultValue="1" RSSTitle="False" RSSDescription="False" MemberSelectGroup="" EditTab="" Scramble="False" LookupList="" NotEditable="False" Password="False" ReadOnly="False" ManyToManyRulePrimaryField="" ManyToManyRuleSecondaryField="" IsModified="False" IsBaseField="False" LookupContent="" RedirectContent="" ManyToManyContent="" ManyToManyRuleContent="" ></Field>
		<Field Name="SortOrder" active="True" AdminOnly="False" Authorable="False" Caption="Alpha Sort Order" DeveloperOnly="False" EditSortPriority="2000" FieldType="Text" HTMLContent="False" IndexColumn="0" IndexSortDirection="" IndexSortOrder="0" IndexWidth="0" RedirectID="0" RedirectPath="" Required="False" TextBuffered="False" UniqueName="False" DefaultValue="" RSSTitle="False" RSSDescription="False" MemberSelectGroup="" EditTab="" Scramble="False" LookupList="" NotEditable="False" Password="False" ReadOnly="False" ManyToManyRulePrimaryField="" ManyToManyRuleSecondaryField="" IsModified="False" IsBaseField="False" LookupContent="" RedirectContent="" ManyToManyContent="" ManyToManyRuleContent="" ></Field>
		<Field Name="articleLibraryId" active="True" AdminOnly="False" Authorable="True" Caption="Article Library" DeveloperOnly="False" EditSortPriority="1000" FieldType="Lookup" HTMLContent="False" IndexColumn="" IndexSortDirection="" IndexSortOrder="" IndexWidth="" RedirectID="" RedirectPath="" Required="False" TextBuffered="False" UniqueName="False" DefaultValue="" RSSTitle="False" RSSDescription="False" MemberSelectGroup="" EditTab="" Scramble="False" LookupList="" NotEditable="False" Password="False" ReadOnly="False" ManyToManyRulePrimaryField="" ManyToManyRuleSecondaryField="" IsModified="True" IsBaseField="False" LookupContent="Article Libraries" RedirectContent="" ManyToManyContent="" ManyToManyRuleContent="" ></Field>
	</CDef>
	<CDef Name="Article Library Data" Active="1" AdminOnly="0" AllowAdd="1" AllowCalendarEvents="0" AllowContentChildTool="0" AllowContentTracking="0" AllowDelete="1" AllowMetaContent="0" AllowTopicRules="0" AllowWorkflowAuthoring="0" AuthoringDataSourceName="Default" AuthoringTableName="articleLibraryData" ContentDataSourceName="Default" ContentTableName="articleLibraryData" DefaultSortMethod="By Name" DeveloperOnly="0" DropDownFieldList="Name" EditorGroupName="" Parent="" IconLink="" IconHeight="0" IconWidth="0" IconSprites="0" isbasecontent="0" guid="{9C67F151-0BA5-4B71-A296-33E61307414F}" >
		<Field Name="Name" active="True" AdminOnly="False" Authorable="True" Caption="Name" DeveloperOnly="False" EditSortPriority="110" FieldType="Text" HTMLContent="False" IndexColumn="0" IndexSortDirection="" IndexSortOrder="0" IndexWidth="0" RedirectID="0" RedirectPath="" Required="False" TextBuffered="False" UniqueName="False" DefaultValue="" RSSTitle="False" RSSDescription="False" MemberSelectGroup="" EditTab="" Scramble="False" LookupList="" NotEditable="False" Password="False" ReadOnly="False" ManyToManyRulePrimaryField="" ManyToManyRuleSecondaryField="" IsModified="False" IsBaseField="False" LookupContent="" RedirectContent="" ManyToManyContent="" ManyToManyRuleContent="" >
			<HelpDefault><![CDATA[The name of the article. This name is listed on the public site, and is part of the text search.]]></HelpDefault>
		</Field>
		<Field Name="Active" active="True" AdminOnly="False" Authorable="True" Caption="Active" DeveloperOnly="False" EditSortPriority="200" FieldType="Boolean" HTMLContent="False" IndexColumn="0" IndexSortDirection="" IndexSortOrder="0" IndexWidth="0" RedirectID="0" RedirectPath="" Required="False" TextBuffered="False" UniqueName="False" DefaultValue="1" RSSTitle="False" RSSDescription="False" MemberSelectGroup="" EditTab="" Scramble="False" LookupList="" NotEditable="False" Password="False" ReadOnly="False" ManyToManyRulePrimaryField="" ManyToManyRuleSecondaryField="" IsModified="False" IsBaseField="False" LookupContent="" RedirectContent="" ManyToManyContent="" ManyToManyRuleContent="" >
			<HelpDefault><![CDATA[Uncheck to disable this entry.]]></HelpDefault>
		</Field>
		<Field Name="SortOrder" active="True" AdminOnly="False" Authorable="False" Caption="Alpha Sort Order" DeveloperOnly="False" EditSortPriority="2000" FieldType="Text" HTMLContent="False" IndexColumn="0" IndexSortDirection="" IndexSortOrder="0" IndexWidth="0" RedirectID="0" RedirectPath="" Required="False" TextBuffered="False" UniqueName="False" DefaultValue="" RSSTitle="False" RSSDescription="False" MemberSelectGroup="" EditTab="" Scramble="False" LookupList="" NotEditable="False" Password="False" ReadOnly="False" ManyToManyRulePrimaryField="" ManyToManyRuleSecondaryField="" IsModified="False" IsBaseField="False" LookupContent="" RedirectContent="" ManyToManyContent="" ManyToManyRuleContent="" ></Field>
		<Field Name="copy" active="True" AdminOnly="False" Authorable="True" Caption="Copy" DeveloperOnly="False" EditSortPriority="310" FieldType="HTML" HTMLContent="True" IndexColumn="0" IndexSortDirection="" IndexSortOrder="0" IndexWidth="" RedirectID="" RedirectPath="" Required="False" TextBuffered="False" UniqueName="False" DefaultValue="" RSSTitle="False" RSSDescription="False" MemberSelectGroup="" EditTab="" Scramble="False" LookupList="" NotEditable="False" Password="False" ReadOnly="False" ManyToManyRulePrimaryField="" ManyToManyRuleSecondaryField="" IsModified="False" IsBaseField="False" LookupContent="" RedirectContent="" ManyToManyContent="" ManyToManyRuleContent="" >
			<HelpDefault><![CDATA[The copy for this article.]]></HelpDefault>
		</Field>
		<Field Name="uploadFileName" active="True" AdminOnly="False" Authorable="True" Caption="Upload" DeveloperOnly="False" EditSortPriority="320" FieldType="File" HTMLContent="False" IndexColumn="0" IndexSortDirection="" IndexSortOrder="0" IndexWidth="" RedirectID="" RedirectPath="" Required="False" TextBuffered="False" UniqueName="False" DefaultValue="" RSSTitle="False" RSSDescription="False" MemberSelectGroup="" EditTab="" Scramble="False" LookupList="" NotEditable="False" Password="False" ReadOnly="False" ManyToManyRulePrimaryField="" ManyToManyRuleSecondaryField="" IsModified="False" IsBaseField="False" LookupContent="" RedirectContent="" ManyToManyContent="" ManyToManyRuleContent="" >
			<HelpDefault><![CDATA[Upload a file if this article links to a file.]]></HelpDefault>
		</Field>
		<Field Name="articleLibraryCategoryID" active="True" AdminOnly="False" Authorable="True" Caption="Library Category" DeveloperOnly="False" EditSortPriority="300" FieldType="Lookup" HTMLContent="False" IndexColumn="0" IndexSortDirection="" IndexSortOrder="0" IndexWidth="" RedirectID="" RedirectPath="" Required="False" TextBuffered="False" UniqueName="False" DefaultValue="" RSSTitle="False" RSSDescription="False" MemberSelectGroup="" EditTab="" Scramble="False" LookupList="" NotEditable="False" Password="False" ReadOnly="False" ManyToManyRulePrimaryField="" ManyToManyRuleSecondaryField="" IsModified="False" IsBaseField="False" LookupContent="Article Library Categories" RedirectContent="" ManyToManyContent="" ManyToManyRuleContent="" >
			<HelpDefault><![CDATA[Choose a category for this article.]]></HelpDefault>
		</Field>
		<Field Name="link" active="True" AdminOnly="False" Authorable="True" Caption="Link" DeveloperOnly="False" EditSortPriority="330" FieldType="Link" HTMLContent="False" IndexColumn="0" IndexSortDirection="" IndexSortOrder="0" IndexWidth="" RedirectID="" RedirectPath="" Required="False" TextBuffered="False" UniqueName="False" DefaultValue="" RSSTitle="False" RSSDescription="False" MemberSelectGroup="" EditTab="" Scramble="False" LookupList="" NotEditable="False" Password="False" ReadOnly="False" ManyToManyRulePrimaryField="" ManyToManyRuleSecondaryField="" IsModified="False" IsBaseField="False" LookupContent="" RedirectContent="" ManyToManyContent="" ManyToManyRuleContent="" >
			<HelpDefault><![CDATA[Enter the link as http://www.website.com if this article links to a website.]]></HelpDefault>
		</Field>
		<Field Name="articleLibraryId" active="True" AdminOnly="False" Authorable="False" Caption="Article Library" DeveloperOnly="False" EditSortPriority="150" FieldType="Lookup" HTMLContent="False" IndexColumn="" IndexSortDirection="" IndexSortOrder="" IndexWidth="" RedirectID="" RedirectPath="" Required="False" TextBuffered="False" UniqueName="False" DefaultValue="" RSSTitle="False" RSSDescription="False" MemberSelectGroup="" EditTab="" Scramble="False" LookupList="" NotEditable="False" Password="False" ReadOnly="False" ManyToManyRulePrimaryField="" ManyToManyRuleSecondaryField="" IsModified="True" IsBaseField="False" LookupContent="Article Libraries" RedirectContent="" ManyToManyContent="" ManyToManyRuleContent="" >
			<HelpDefault><![CDATA[If this article is part of a specific library, select it here. Create Article Libraries by clicking the See all Article Libraries link and adding a record.]]></HelpDefault>
		</Field>
	</CDef>
</Collection>